{"cameraMode":{"drawMode":0,"name":"Shaded","section":"Shading Mode"},"sceneLighting":true,"audioPlay":false,"sceneViewState":{"m_AlwaysRefresh":false,"showFog":true,"showSkybox":true,"showFlares":true,"showImageEffects":true,"showParticleSystems":true,"showVisualEffectGraphs":true,"m_FxEnabled":true},"in2DMode":false,"pivot":{"x":-0.14395618438720704,"y":4.885686874389648,"z":0.44199180603027346},"rotation":{"x":0.09804055094718933,"y":0.9004216194152832,"z":-0.27368465065956118,"w":0.3244006931781769},"size":7.568157196044922,"orthographic":false}