{"cameraMode":{"drawMode":0,"name":"Shaded","section":"Shading Mode"},"sceneLighting":true,"audioPlay":false,"sceneViewState":{"m_AlwaysRefresh":false,"showFog":true,"showSkybox":true,"showFlares":true,"showImageEffects":true,"showParticleSystems":true,"showVisualEffectGraphs":true,"m_FxEnabled":true},"in2DMode":false,"pivot":{"x":12.526710510253907,"y":-0.0799713134765625,"z":3.248040199279785},"rotation":{"x":0.3098757863044739,"y":-0.22743098437786103,"z":0.07725726813077927,"w":0.9204385876655579},"size":12.181344032287598,"orthographic":true}