{"cameraMode":{"drawMode":0,"name":"Shaded","section":"Shading Mode"},"sceneLighting":true,"audioPlay":false,"sceneViewState":{"m_AlwaysRefresh":false,"showFog":true,"showSkybox":true,"showFlares":true,"showImageEffects":true,"showParticleSystems":true,"showVisualEffectGraphs":true,"m_FxEnabled":true},"in2DMode":false,"pivot":{"x":-2.106144666671753,"y":4.530436038970947,"z":-0.9444313049316406},"rotation":{"x":0.3098757863044739,"y":-0.22743098437786103,"z":0.07725726813077927,"w":0.9204385876655579},"size":2.5808217525482179,"orthographic":true}