{"cameraMode":{"drawMode":0,"name":"Shaded","section":"Shading Mode"},"sceneLighting":true,"audioPlay":false,"sceneViewState":{"m_AlwaysRefresh":false,"showFog":true,"showSkybox":true,"showFlares":true,"showImageEffects":true,"showParticleSystems":true,"showVisualEffectGraphs":true,"m_FxEnabled":true},"in2DMode":false,"pivot":{"x":13.328521728515625,"y":0.43178582191467287,"z":-1.3065862655639649},"rotation":{"x":0.11244449019432068,"y":-0.3640822470188141,"z":0.04369068890810013,"w":0.9237996935844421},"size":2.0278754234313967,"orthographic":false}